<?xml version="1.0" encoding="UTF-8"?>
<!DOCTYPE configuration
  PUBLIC "-//mybatis.org//DTD Config 3.0//EN"
  "http://mybatis.org/dtd/mybatis-3-config.dtd">
<configuration>

   <settings>
      <!-- 언더바(snakeCase)를 낙타표기법(camelCase)으로 변경 -->
      <setting name="mapUnderscoreToCamelCase" value="true"></setting>
   </settings>
   
   <!-- Alias 설정 -->
   <typeAliases>
		<typeAlias alias="shop" type="com.mycompany.domain.ShopVO"></typeAlias>

		<typeAlias alias="member" type="com.mycompany.domain.MemberVO"></typeAlias>

		<typeAlias alias="findBoard" type="com.mycompany.domain.FindBoardVO"></typeAlias>
		
		<typeAlias alias="findHospital" type="com.mycompany.domain.FindHospitalVO"></typeAlias>

   </typeAliases>
   
   
</configuration>
